32183.7,165.651,12.2103,8.94047,185.577,126.465,16.0057,1223.49,85.5916,162.119,25.957,15.8369,162.283,162.361,1282.49,32.1604,1188.01,201.409,31.0519,32.14,1217.08,162.352,1347.08,44.2962,1315.4,49.9561,50.5581,63.5704,182.223,162.256,1220.64,83.7014,199.86,179.975,1250.68,1124.42,15.4662,113.236,1156.22,162.071,1186.5,161.797,1092.61,160.41,1184.86,160.618,1154.75,160.121,196.739,1060.79,158.994,230.989,12.4741,198.253,1121.42,161.432,10.6967,1122.98,261.36,158.482,195.206,1091.21,158.097,264.836,158.776,160.975,159.779,198.305,1153.14,1089.68,1028.96,159.741,43.8806,1059.32,243.283,82.593,145.923,38.0002,15.8102,997.091,160.425,295.078,28.9968,13.0836,18.8098,14.5795,22.3156,11.2023,14.2437,10.0135,12.414,10.758
165.651,32183.7,13.9139,9.39884,1533.74,544.114,17.8309,165.773,180.296,164.245,22.3652,16.7817,163.874,163.412,169.615,26.7663,165.316,158.009,38.5309,26.7026,169.046,162.858,169.804,34.6683,169.757,37.9546,73.4295,45.4421,1623.06,162.213,167.413,54.7431,158.062,84.2774,169.386,164.214,17.0225,66.2262,164.811,161.475,166.971,160.643,163.525,159.73,168.625,160.516,166.465,158.887,154.207,162.742,158.887,116.71,11.5385,154.14,167.523,159.715,11.5914,165.869,172.841,157.233,154.244,165.18,156.294,173.076,158.076,158.69,156.339,158.098,168.12,166.834,161.864,157.948,42.1538,164.394,139.064,53.3411,75.1407,36.5449,16.1158,160.889,157.565,134.576,35.9896,11.3674,18.4628,16.6419,19.1967,12.0374,16.0562,10.783,13.8757,10.1291
12.2103,13.9139,32183.7,0,14.3669,15.4351,8.70674,14.2682,15.6201,11.0866,6.69678,860.968,10.6942,10.3015,13.815,6.95276,14.7062,11.1727,15.6237,6.75247,14.6247,9.90812,13.015,7.56198,13.4075,7.63437,15.9289,7.96852,15.1257,9.51535,14.4451,8.2768,11.3416,8.74773,14.2089,15.4907,199.571,8.4529,15.0984,9.12309,14.8669,8.73083,15.883,8.9083,15.0233,9.32174,15.2592,8.51605,10.8867,16.2752,9.16108,11.1427,0.271923,10.7161,15.8078,8.33857,52.7692,15.6514,12.179,8.34123,11.0556,16.0437,7.94896,12.5209,8.73349,7.94631,7.16173,11.5105,15.4156,16.2001,16.6675,8.12376,16.4596,16.4372,11.5888,5.6666,6.88461,15.8687,8.19688,17.0601,7.55405,10.8334,21.8886,0.263772,28.3629,22.2835,3.19834,8.20966,20.9534,8.01254,20.3939,0
8.94047,9.39884,0,32183.7,8.63223,8.23247,60.4143,6.53475,9.77625,9.81901,4.2749,4.08436,10.1374,10.4365,7.91858,5.68874,5.78796,8.51781,18.6826,5.69808,6.75563,10.718,8.86566,6.98668,8.42138,7.24077,12.5238,8.1606,7.98868,10.9824,6.65094,8.5045,8.35256,9.63602,7.38417,4.05614,3.39911,9.3361,5.0061,11.231,5.92978,11.4651,2.77837,11.1167,6.07162,10.8561,5.14793,11.3492,8.02212,0,10.705,9.82724,0,8.18621,4.33979,11.6856,1.87096,4.19795,10.2781,11.2074,7.85172,2.92019,11.4263,9.97556,10.9749,11.8932,12.2722,8.18211,5.28975,3.06199,0,11.5682,5.08408,0,10.7689,10.472,10.7762,4.55884,19.2531,0,12.0885,7.40933,0,7.69672,2.50297,0,8.01405,0,0,0,0,0
185.577,1533.74,14.3669,8.63223,32183.7,402.072,17.2097,186.408,161.23,183.635,22.7515,17.2767,183.079,182.419,190.447,27.2437,186.051,176.924,37.4336,27.1763,190.093,181.655,190.379,35.4081,190.464,38.8453,69.9694,46.6799,32183.7,180.787,188.253,56.6049,177.043,88.9013,190.328,185.096,17.5374,68.938,185.624,179.813,187.907,178.731,184.465,177.839,189.763,178.875,187.48,176.744,172.719,183.732,177.052,122.651,12.0971,172.585,188.808,177.539,11.9609,186.952,193.383,174.888,172.82,186.321,173.683,193.767,175.983,176.234,173.278,177.143,189.336,188.177,182.893,175.539,43.8581,185.585,146.471,54.7381,78.4527,37.9929,15.46,181.948,174.815,149.295,35.4237,10.9578,19.1458,16.7597,19.1657,11.318,16.1176,10.1212,13.9937,10.6541
126.465,544.114,15.4351,8.23247,402.072,32183.7,17.7154,127.481,270.755,124.9,21.5455,17.9715,124.428,123.885,130.065,25.4512,127.337,120.503,41.2161,25.3692,130.007,123.269,129.837,32.38,129.984,35.1884,84.7381,41.4965,411.337,122.581,128.745,49.1172,120.623,71.7202,130.073,126.865,18.5394,58.1728,127.135,121.819,128.604,120.981,126.526,120.459,129.872,121.269,128.403,119.613,117.669,126.117,120.028,95.1892,11.9955,117.54,129.4,120.067,12.5918,128.132,131.627,118.346,117.777,127.793,117.422,131.966,119.192,119.073,116.841,120.73,129.67,129.061,125.637,118.69,43.2063,127.383,111.048,47.036,64.176,37.5974,15.1334,125.086,117.998,110.073,39.256,9.99699,19.3041,17.9002,17.9075,11.1886,17.0796,10.0022,14.7943,10.6513
16.0057,17.8309,8.70674,60.4143,17.2097,17.7154,32183.7,14.7602,19.9528,16.4595,8.62522,8.91235,16.643,16.814,15.6946,9.85626,14.4059,15.2975,40.359,9.8196,15.0955,16.9732,16.2176,11.3533,15.9691,11.7209,25.2972,12.7978,16.9833,17.1204,14.9307,13.4381,15.2026,15.0806,15.4125,13.7084,9.75222,14.4427,14.0678,17.2559,14.589,17.3801,13.326,17.0875,14.7721,16.9458,14.2509,17.2105,14.776,12.9188,16.7576,16.5591,0,14.8694,14.0746,17.4933,6.66873,13.8915,17.2366,17.0274,14.6787,13.5091,17.1394,17.0649,16.9044,17.5958,17.7691,15.1052,14.434,13.6922,12.4841,17.3225,10.7692,13.1005,17.7441,14.5533,15.5546,9.83013,20.5602,12.0189,17.6877,13.9444,30.2647,8.65403,6.20862,64.8792,10.1707,22.2189,53.9939,21.3659,16.8218,1.96715
1223.49,165.773,14.2682,6.53475,186.408,127.481,14.7602,32183.7,85.9501,156.843,25.9857,17.8092,156.127,155.32,32183.7,31.8988,32183.7,238.664,30.7354,31.8487,32183.7,154.417,32183.7,43.6195,32183.7,49.1078,50.4935,62.1943,183.776,153.422,32183.7,81.7956,237.263,175.026,32183.7,32183.7,17.6861,110.192,32183.7,152.331,32183.7,151.143,32183.7,150.6,32183.7,151.759,32183.7,149.4,233.052,32183.7,150.196,204.72,14.061,234.41,32183.7,149.853,12.2387,32183.7,206.164,147.8,231.668,32183.7,146.5,209.838,149,148.461,145.355,235.852,32183.7,32183.7,32183.7,148.099,48.9774,32183.7,213.994,78.2668,139.417,42.3881,13.7665,32183.7,146.963,328.99,29.9783,10.7275,21.0315,15.6941,20.8972,9.28277,15.1001,8.2599,13.3164,12.3902
85.5916,180.296,15.6201,9.77625,161.23,270.755,19.9528,85.9501,32183.7,84.702,19.731,17.6286,84.4488,84.1476,87.8424,23.036,85.7771,81.5645,49.5365,22.9504,87.666,83.7975,87.8225,28.6724,87.8564,30.8374,124.989,35.6837,163.561,83.399,86.8093,41.1428,81.6172,55.9801,87.7813,85.3208,18.4699,47.436,85.5726,82.9515,86.6417,82.4537,85.0212,82.0326,87.5062,82.5089,86.4371,81.529,79.603,84.6736,81.6597,72.0962,10.822,79.5431,87.0498,81.9048,12.5058,86.1853,89.2385,80.6645,79.6477,85.8858,80.1096,89.4121,81.1681,81.3037,79.9401,81.6616,87.3016,86.7503,84.2771,80.9741,38.7357,85.5369,82.0639,39.6539,51.2296,33.9944,16.0899,83.8308,80.6492,75.9784,46.1955,9.848,17.9979,19.1911,16.7835,12.6111,18.2509,11.3375,15.6276,9.51004
162.119,164.245,11.0866,9.81901,183.635,124.9,16.4595,156.843,84.702,32183.7,25.8666,14.7858,32183.7,32183.7,154.787,32.2059,156.038,226.094,30.9588,32.2003,153.576,32183.7,155.616,44.5239,155.255,50.2555,50.1786,64.1049,179.905,32183.7,155.216,84.4507,224.389,182.015,154.245,154.31,14.2699,114.488,155.221,32183.7,154.438,32183.7,153.305,32183.7,152.838,32183.7,153.621,32183.7,227.828,152.204,32183.7,244.857,11.4517,229.571,151.11,32183.7,9.86466,152.71,222.179,32183.7,226.084,151.705,32183.7,225.154,32183.7,32183.7,32183.7,222.672,152.021,150.105,151.005,32183.7,41.2192,150.6,258.606,84.5326,148.807,35.7137,16.8597,149.703,32183.7,277.36,28.2149,14.1012,17.659,13.8051,22.9567,12.161,13.6343,10.8844,11.7856,9.9368
25.957,22.3652,6.69678,4.2749,22.7515,21.5455,8.62522,25.9857,19.731,25.8666,32183.7,11.8468,25.7549,25.6283,25.4463,134.459,25.9717,27.1097,13.7486,130.754,25.4635,25.4863,25.3707,63.021,25.4151,54.2191,16.929,43.7688,22.5351,25.3292,25.7246,37.7479,27.1405,30.3157,25.4621,25.9029,9.52351,33.3505,25.9443,25.1568,25.7108,24.9685,25.8473,25.3969,25.45,25.5801,25.6835,25.2068,27.7482,25.7776,25.8469,26.012,43.6446,27.7196,25.3812,24.7639,7.85999,25.642,24.6225,25.4676,27.7762,25.5865,25.2611,24.6899,25.6578,24.5427,24.0483,27.1686,25.4226,25.3257,25.6935,25.0003,25.7448,25.5165,24.1341,34.5683,29.8959,25.6812,9.04357,25.5948,24.3043,28.543,13.6517,35.5014,19.4348,9.28791,256.652,4.7169,9.22597,4.17814,8.46945,16.1872
15.8369,16.7817,860.968,4.08436,17.2767,17.9715,8.91235,17.8092,17.6286,14.7858,11.8468,32183.7,14.4006,14.0151,17.1719,12.0341,18.2391,15.3038,15.5743,11.8816,17.9667,13.6289,16.3867,12.4862,16.7719,12.5789,17.0126,12.6555,17.8946,13.2434,17.8855,12.9218,15.4695,13.0513,17.5586,19.0092,164.14,12.8271,18.6242,12.8583,18.2996,12.4733,19.3943,12.7498,18.3581,13.1557,18.6846,12.3648,15.2962,19.7794,13.103,14.5437,11.0351,15.1298,19.1282,12.0882,54.7585,19.0697,15.3768,12.2982,15.462,19.4547,11.9132,15.7098,12.6833,11.7031,10.933,15.6353,18.7431,19.5132,20.1644,11.9797,24.1684,19.8411,14.5852,9.89662,11.0502,25.7184,8.5262,20.5498,11.3181,15.8396,20.6902,3.07025,94.9996,19.2535,6.92632,7.62623,18.0218,7.35152,17.3143,0
162.283,163.874,10.6942,10.1374,183.079,124.428,16.643,156.127,84.4488,32183.7,25.7549,14.4006,32183.7,32183.7,154.247,32.1275,155.22,222.115,30.9547,32.1266,152.851,32183.7,155.255,44.4788,154.806,50.2192,50.0847,64.1181,179.204,32183.7,154.496,84.4825,220.383,182.242,153.616,153.305,13.8411,114.623,154.31,32183.7,153.62,32183.7,152.204,32183.7,152.02,32183.7,152.71,32183.7,223.76,151.004,32183.7,249.932,10.9751,225.53,150.105,32183.7,9.56716,151.705,225.688,32183.7,221.99,150.604,32183.7,228.609,32183.7,32183.7,32183.7,218.64,151.11,149.004,149.704,32183.7,40.2039,149.4,264.424,85.0011,149.441,34.838,17.2728,148.299,32183.7,270.609,27.9433,14.414,17.2131,13.5164,23.125,12.5585,13.4116,11.2493,11.5519,9.60024
162.361,163.412,10.3015,10.4365,182.419,123.885,16.814,155.32,84.1476,32183.7,25.6283,14.0151,32183.7,32183.7,153.618,32.0313,154.309,218.07,30.9334,32.0351,152.034,32183.7,154.806,44.4096,154.269,50.1554,49.963,64.0967,178.399,32183.7,153.684,84.4683,216.313,182.37,152.896,152.203,13.412,114.695,153.304,32183.7,152.709,32183.7,151.003,32183.7,151.109,32183.7,151.704,32183.7,219.628,149.702,32183.7,254.996,10.4617,221.424,149.003,32183.7,9.26945,150.603,229.138,32183.7,217.831,149.403,32183.7,232.006,32183.7,32183.7,32183.7,214.543,150.104,147.803,148.298,32183.7,39.1879,148.098,270.247,85.4197,149.991,33.9615,17.6863,146.787,32183.7,263.852,27.651,14.7087,16.7668,13.2096,23.279,12.9563,13.1747,11.6144,11.3036,9.26344
1282.49,169.615,13.815,7.91858,190.447,130.065,15.6946,32183.7,87.8424,154.787,25.4463,17.1719,154.247,153.618,32183.7,31.3431,32183.7,228.654,31.6052,31.2984,32183.7,152.897,32183.7,42.9781,32183.7,48.407,51.7176,61.4297,187.509,152.085,32183.7,80.8073,227.225,173.223,32183.7,32183.7,17.0744,109.055,32183.7,151.182,32183.7,150.184,32183.7,149.472,32183.7,150.433,32183.7,148.464,223.082,32183.7,148.864,213.411,13.1176,224.47,32183.7,149.09,11.8224,32183.7,211.515,146.864,221.668,32183.7,145.759,215.041,147.872,147.898,145.209,225.784,32183.7,32183.7,32183.7,147.358,46.8788,32183.7,225.577,78.2146,138.91,40.5416,14.7354,32183.7,146.605,315.107,30.3177,11.3469,20.0383,15.6789,20.9783,10.4034,15.1503,9.32067,13.311,11.4507
32.1604,26.7663,6.95276,5.68874,27.2437,25.4512,9.85626,31.8988,23.036,32.2059,134.459,12.0341,32.1275,32.0313,31.3431,32183.7,31.8153,33.6298,15.4238,3558.5,31.2429,31.9169,31.369,119.041,31.3654,90.6539,19.3599,65.5063,26.9058,31.7846,31.5714,52.7532,33.6426,39.5321,31.3036,31.6104,9.88279,44.9572,31.7218,31.634,31.4906,31.4648,31.4809,31.9403,31.166,32.1006,31.3971,31.769,34.399,31.3331,32.4304,32.7153,28.9664,34.3889,30.961,31.2768,7.85124,31.2857,30.6113,32.0936,34.4084,31.1562,31.9034,30.6438,32.2649,31.0695,30.5956,33.6521,31.0725,30.8315,31.1667,31.5787,28.6444,31.0079,30.0959,49.1116,39.8717,27.9902,10.6327,30.9814,30.8426,35.1167,14.8407,28.6747,19.1353,9.53094,85.0716,5.78507,9.52826,5.12394,8.63082,14.7427
1188.01,165.316,14.7062,5.78796,186.051,127.337,14.4059,32183.7,85.7771,156.038,25.9717,18.2391,155.22,154.309,32183.7,31.8153,32183.7,242.241,30.5707,31.7583,32183.7,153.301,32183.7,43.4333,32183.7,48.8779,50.3296,61.8344,183.581,152.198,32183.7,81.2995,240.871,173.763,32183.7,32183.7,18.1647,109.414,32183.7,150.998,32183.7,149.697,32183.7,149.254,32183.7,150.528,32183.7,147.941,236.589,32183.7,148.97,198.936,14.3672,237.917,32183.7,148.292,12.5708,32183.7,201.382,146.341,235.236,32183.7,144.925,205.115,147.654,146.781,143.427,239.489,32183.7,32183.7,32183.7,146.525,50.1105,32183.7,207.5,77.1974,137.803,43.3656,13.3054,32183.7,145.161,336.526,30.1031,10.1023,21.5292,15.8791,20.5468,8.83908,15.2363,7.85265,13.4655,12.7659
201.409,158.009,11.1727,8.51781,176.924,120.503,15.2975,238.664,81.5645,226.094,27.1097,15.3038,222.115,218.07,228.654,33.6298,242.241,32183.7,29.6263,33.6264,235.348,213.957,221.782,46.3566,225.185,52.3134,48.2147,66.582,173.535,209.789,236.984,87.7182,32183.7,188.742,231.944,248.453,14.6334,118.69,245.379,205.563,240.4,201.275,251.464,203.706,238.547,208.137,243.51,199.438,32183.7,254.411,206.877,237.211,13.0506,32183.7,244.65,196.924,10.0988,246.558,155.537,198.083,32183.7,249.541,193.779,158.733,202.324,192.509,183.486,32183.7,241.63,247.605,257.293,195.106,43.4503,252.469,245.898,86.9533,153.404,37.7108,15.6499,260.111,188.03,292.053,27.4723,14.1231,18.7806,13.6432,23.5348,10.566,13.4006,9.34058,11.6422,11.1371
31.0519,38.5309,15.6237,18.6826,37.4336,41.2161,40.359,30.7354,49.5365,30.9588,13.7486,15.5743,30.9547,30.9334,31.6052,15.4238,30.5707,29.6263,32183.7,15.3444,31.3558,30.895,31.7785,17.9143,31.7025,18.6873,83.3224,20.5253,37.6797,30.8395,31.0468,22.1263,29.6078,25.8397,31.4933,30.2189,17.2063,23.986,30.4041,30.7669,30.8879,30.6769,30.0149,30.4403,31.205,30.5185,30.7212,30.3484,28.8689,29.7917,30.2037,30.1201,6.94382,28.8849,30.8531,30.5695,11.8898,30.536,32.5552,30.0313,28.8474,30.332,29.9218,32.5429,30.1232,30.4444,30.1404,29.5861,31.0383,30.6491,29.5489,30.2389,22.1442,30.1081,32.4675,21.85,24.9133,20.2182,18.3757,29.2858,30.3015,27.8051,780.632,8.71459,12.7248,31.4472,12.7008,17.4278,28.4332,16.0815,22.1926,5.83347
32.14,26.7026,6.75247,5.69808,27.1763,25.3692,9.8196,31.8487,22.9504,32.2003,130.754,11.8816,32.1266,32.0351,31.2984,3558.5,31.7583,33.6264,15.3444,32183.7,31.1861,31.9252,31.3356,122.033,31.3265,92.1574,19.2736,66.1395,26.8291,31.7972,31.518,53.066,33.637,39.6272,31.2532,31.5403,9.70055,45.1367,31.6584,31.6509,31.4306,31.486,31.404,31.9607,31.1029,32.1166,31.3307,31.7936,34.4005,31.2491,32.4492,32.7359,28.7945,34.3926,30.885,31.302,7.70159,31.2127,30.5865,32.1213,34.4076,31.0763,31.9352,30.6147,32.2884,31.0988,30.6329,33.6442,31.003,30.7486,31.0754,31.6075,28.4913,30.9209,30.0926,49.4509,40.0152,27.8319,10.6204,30.8824,30.8759,35.0992,14.7196,29.0231,18.9966,9.40391,84.0714,5.6927,9.41509,5.02246,8.51737,14.6487
1217.08,169.046,14.6247,6.75563,190.093,130.007,15.0955,32183.7,87.666,153.576,25.4635,17.9667,152.851,152.034,32183.7,31.2429,32183.7,235.348,31.3558,31.1861,32183.7,151.122,32183.7,42.7098,32183.7,48.0693,51.5001,60.8767,187.454,150.117,32183.7,80.0403,233.974,171.22,32183.7,32183.7,17.9592,107.823,32183.7,149.016,32183.7,147.818,32183.7,147.284,32183.7,148.453,32183.7,146.074,229.702,32183.7,146.891,202.833,13.7367,231.034,32183.7,146.519,12.4363,32183.7,202.977,144.474,228.344,32183.7,143.163,206.611,145.684,145.116,141.988,232.588,32183.7,32183.7,32183.7,144.763,48.9736,32183.7,213.571,76.427,136.235,42.3486,13.883,32183.7,143.607,329.038,30.601,10.3149,20.9584,16.0581,20.3882,9.58324,15.4335,8.56784,13.617,12.1452
162.352,162.858,9.90812,10.718,181.655,123.269,16.9732,154.417,83.7975,32183.7,25.4863,13.6289,32183.7,32183.7,152.897,31.9169,153.301,213.957,30.895,31.9252,151.122,32183.7,154.268,44.3158,153.642,50.0638,49.8131,64.0405,177.486,32183.7,152.778,84.4079,212.173,182.399,152.083,150.999,12.9821,114.706,152.199,32183.7,151.701,32183.7,149.698,32183.7,150.101,32183.7,150.599,32183.7,215.426,148.294,32183.7,260.054,9.90535,217.249,147.799,32183.7,8.97121,149.399,232.532,32183.7,213.602,148.098,32183.7,235.346,32183.7,32183.7,32183.7,210.376,148.999,146.498,146.783,32183.7,38.1701,146.689,276.081,85.7892,150.457,33.0836,18.1004,145.162,32183.7,257.083,27.3371,14.9868,16.3197,12.8831,23.4189,13.3548,12.9227,11.9802,11.0394,8.92604
1347.08,169.804,13.015,8.86566,190.379,129.837,16.2176,32183.7,87.8225,155.616,25.3707,16.3867,155.255,154.806,32183.7,31.369,32183.7,221.782,31.7785,31.3356,32183.7,154.268,32183.7,43.1414,32183.7,48.6241,51.8173,61.8264,187.148,153.642,32183.7,81.3652,220.298,174.763,32183.7,32183.7,16.2002,109.999,32183.7,152.926,32183.7,152.119,32183.7,151.238,32183.7,152.001,32183.7,150.421,216.281,32183.7,150.425,223.802,12.425,217.724,32183.7,151.219,11.2159,32183.7,219.693,148.821,214.814,32183.7,147.91,223.113,149.638,150.225,147.946,218.803,32183.7,32183.7,32183.7,149.51,44.8091,32183.7,237.44,79.7365,141.151,38.7562,15.5777,32183.7,149.135,301.342,29.9643,12.2305,19.1291,15.2506,21.4879,11.2138,14.8257,10.0645,12.9647,10.7646
44.2962,34.6683,7.56198,6.98668,35.4081,32.38,11.3533,43.6195,28.6724,44.5239,63.021,12.4862,44.4788,44.4096,42.9781,119.041,43.4333,46.3566,17.9143,122.033,42.7098,44.3158,43.1414,32183.7,43.0739,370.446,23.2436,147.203,34.8852,44.1978,43.1661,94.8972,46.3474,59.6556,42.8606,43.0211,10.6102,73.2377,43.2399,44.0554,42.9861,43.8883,42.7766,44.4847,42.539,44.6371,42.7928,44.3147,47.3892,42.5058,45.089,45.9737,20.1976,47.4021,42.1269,43.696,8.08222,42.574,42.2797,44.7618,47.3753,42.3294,44.5667,42.2707,44.9319,43.4784,42.9653,46.3336,42.3456,41.8823,42.2083,44.1195,32.7408,42.0577,41.567,88.8,62.1649,31.0125,12.5974,41.8833,43.2349,47.7683,16.7882,23.0749,18.7784,10.0897,49.3413,7.33348,10.1282,6.51611,9.04231,13.1609
1315.4,169.757,13.4075,8.42138,190.464,129.984,15.9691,32183.7,87.8564,155.255,25.4151,16.7719,154.806,154.269,32183.7,31.3654,32183.7,225.185,31.7025,31.3265,32183.7,153.642,32183.7,43.0739,32183.7,48.532,51.7826,61.6502,187.376,152.925,32183.7,81.116,223.728,174.061,32183.7,32183.7,16.6291,109.569,32183.7,152.118,32183.7,151.218,32183.7,150.42,32183.7,151.279,32183.7,149.51,219.65,32183.7,149.707,218.711,12.7756,221.066,32183.7,150.224,11.5135,32183.7,215.713,147.91,218.209,32183.7,146.905,219.185,148.82,149.134,146.657,222.26,32183.7,32183.7,32183.7,148.505,45.8245,32183.7,231.62,79.0193,140.1,39.6322,15.1645,32183.7,147.946,308.095,30.147,11.812,19.5752,15.4677,21.2467,10.8162,14.9907,9.69957,13.1402,11.1012
49.9561,37.9546,7.63437,7.24077,38.8453,35.1884,11.7209,49.1078,30.8374,50.2555,54.2191,12.5789,50.2192,50.1554,48.407,90.6539,48.8779,52.3134,18.6873,92.1574,48.0693,50.0638,48.6241,370.446,48.532,32183.7,24.6003,243.785,38.2435,49.9446,48.5903,126.48,52.2964,70.5458,48.2577,48.3762,10.7561,90.7959,48.6416,49.7978,48.3683,49.6228,48.081,50.2888,47.8586,50.4462,48.132,50.1106,53.4839,47.7557,50.9607,52.2393,18.6145,53.505,47.3569,49.4194,8.09287,47.8665,47.686,50.6203,53.4615,47.5714,50.4137,47.6628,50.7985,49.1874,48.6353,52.2742,47.6223,47.0617,47.3996,49.904,34.0238,47.2449,46.7961,117.804,74.683,31.8777,13.0904,47.0116,48.9261,53.6029,17.3939,21.8922,18.6458,10.2107,43.888,7.67223,10.2606,6.7986,9.11682,12.7698
50.5581,73.4295,15.9289,12.5238,69.9694,84.7381,25.2972,50.4935,124.989,50.1786,16.929,17.0126,50.0847,49.963,51.7176,19.3599,50.3296,48.2147,83.3224,19.2736,51.5001,49.8131,51.8173,23.2436,51.7826,24.6003,32183.7,27.6658,70.6703,49.6351,50.9981,30.742,48.2223,38.2742,51.6265,49.9481,18.2923,34.2055,50.1531,49.429,50.8396,49.194,49.7144,48.8936,51.3495,49.1135,50.663,48.6554,47.0341,49.4515,48.6105,46.6893,9.15323,47.0224,50.9681,48.9299,12.3918,50.4581,52.8123,48.1454,47.037,50.2244,47.8779,52.8674,48.3836,48.6362,47.9574,48.2249,51.173,50.7343,49.159,48.3879,30.8779,49.9606,51.4059,29.902,36.0083,27.6457,17.314,48.836,48.3122,45.3214,73.5292,9.40408,15.8144,22.5785,14.9068,14.791,21.1937,13.4099,17.6394,7.89107
63.5704,45.4421,7.96852,8.1606,46.6799,41.4965,12.7978,62.1943,35.6837,64.1049,43.7688,12.6555,64.1181,64.0967,61.4297,65.5063,61.8344,66.582,20.5253,66.1395,60.8767,64.0405,61.8264,147.203,61.6502,243.785,27.6658,32183.7,45.8839,63.9497,61.5383,263.012,66.5351,100.218,61.1799,61.073,11.066,146.714,61.4727,63.8242,61.1908,63.6637,60.6346,64.4512,60.5472,64.5867,60.8291,64.2867,68.0346,60.1568,65.2343,67.7658,15.44,68.0868,59.7858,63.4679,8.15201,60.4294,60.8148,64.9303,67.9807,59.991,64.7305,60.7346,65.0948,63.2366,62.6656,66.4815,60.1855,59.3474,59.6386,64.0869,35.6178,59.5116,59.6012,240.225,110.667,32.6881,14.486,59.0784,62.9693,66.8871,18.7679,20.1829,17.9991,10.5389,37.1591,9.01529,10.6305,8.03273,9.3531,11.6191
182.223,1623.06,15.1257,7.98868,32183.7,411.337,16.9833,183.776,163.561,179.905,22.5351,17.8946,179.204,178.399,187.509,26.9058,183.581,173.535,37.6797,26.8291,187.454,177.486,187.148,34.8852,187.376,38.2435,70.6703,45.8839,32183.7,176.468,185.616,55.5964,173.715,87.0962,187.535,182.923,18.2912,67.6028,183.302,175.343,185.427,174.108,182.443,173.362,187.272,174.558,185.147,172.114,169.415,181.863,172.752,118.796,12.352,169.22,186.614,172.76,12.4871,184.768,189.711,170.269,169.578,184.289,168.907,190.218,171.517,171.296,168.011,173.877,186.993,186.134,181.18,170.753,45.0383,183.706,141.462,53.2497,76.4624,39.0143,14.9069,180.393,169.714,149.47,36.0984,10.1731,19.6824,17.2753,18.5969,10.8562,16.5366,9.71325,14.4053,10.9487
162.256,162.213,9.51535,10.9824,180.787,122.581,17.1204,153.422,83.399,32183.7,25.3292,13.2434,32183.7,32183.7,152.085,31.7846,152.198,209.789,30.8395,31.7972,150.117,32183.7,153.642,44.1978,152.925,49.9446,49.6351,63.9497,176.468,32183.7,151.779,84.3014,207.977,182.327,151.178,149.697,12.5528,114.655,150.998,32183.7,150.598,32183.7,148.292,32183.7,148.998,32183.7,149.398,32183.7,211.168,146.781,32183.7,265.091,9.3005,213.017,146.497,32183.7,8.67343,148.097,235.859,32183.7,209.317,146.692,32183.7,238.619,32183.7,32183.7,32183.7,206.154,147.798,145.092,145.161,32183.7,37.1539,145.176,281.905,86.1091,150.839,32.207,18.5139,143.426,32183.7,250.325,27.0019,15.2481,15.8733,12.5365,23.5446,13.7527,12.6554,12.3454,10.7589,8.58916
1220.64,167.413,14.4451,6.65094,188.253,128.745,14.9307,32183.7,86.8093,155.216,25.7246,17.8855,154.496,153.684,32183.7,31.5714,32183.7,236.984,31.0468,31.518,32183.7,152.778,32183.7,43.1661,32183.7,48.5903,50.9981,61.5383,185.616,151.779,32183.7,80.9218,235.596,173.133,32183.7,32183.7,17.8203,109.013,32183.7,150.684,32183.7,149.492,32183.7,148.953,32183.7,150.115,32183.7,147.749,231.356,32183.7,148.553,203.833,13.8963,232.701,32183.7,148.198,12.3359,32183.7,204.613,146.149,229.985,32183.7,144.844,208.266,147.353,146.802,143.687,234.198,32183.7,32183.7,32183.7,146.444,48.9685,32183.7,213.848,77.3553,137.839,42.3624,13.8297,32183.7,145.299,328.968,30.2886,10.5261,20.992,15.8746,20.6455,9.43898,15.2657,8.41972,13.4655,12.2666
83.7014,54.7431,8.2768,8.5045,56.6049,49.1172,13.4381,81.7956,41.1428,84.4507,37.7479,12.9218,84.4825,84.4683,80.8073,52.7532,81.2995,87.7182,22.1263,53.066,80.0403,84.4079,81.3652,94.8972,81.116,126.48,30.742,263.012,55.5964,84.3014,80.9218,32183.7,87.6496,160.458,80.4599,80.2546,11.4648,333.117,80.8024,84.1488,80.4428,83.9496,79.6549,84.985,79.5862,85.1501,79.9458,84.7805,89.6454,79.0024,86.0115,90.2834,14.1439,89.7211,78.5413,83.7037,8.30312,79.3979,80.0607,85.6371,89.5676,78.7983,85.3858,79.9417,85.8416,83.4106,82.6806,87.5721,79.0892,77.9417,78.2957,84.5292,37.388,78.1435,77.2486,4309.51,192.786,33.7277,15.1767,77.5326,83.0697,85.9636,20.1104,18.7592,17.8419,10.905,32.7937,9.65299,10.99,8.58345,9.61002,11.1758
199.86,158.062,11.3416,8.35256,177.043,120.623,15.2026,237.263,81.6172,224.389,27.1405,15.4695,220.383,216.313,227.225,33.6426,240.871,32183.7,29.6078,33.637,233.974,212.173,220.298,46.3474,223.728,52.2964,48.2223,66.5351,173.715,207.977,235.596,87.6496,32183.7,188.524,230.541,247.137,14.818,118.558,244.036,203.725,239.041,199.41,250.176,201.876,237.199,206.336,242.179,197.581,32183.7,253.15,205.088,234.98,13.2207,32183.7,243.357,195.031,10.2268,245.253,153.937,196.238,32183.7,248.264,191.907,157.133,200.506,190.589,181.51,32183.7,240.31,246.341,256.06,193.222,43.8872,251.221,243.394,86.6897,153.027,38.0877,15.472,258.907,186.082,294.958,27.566,13.9637,18.9725,13.7483,23.4443,10.3949,13.4812,9.18353,11.7273,11.2819
179.975,84.2774,8.74773,9.63602,88.9013,71.7202,15.0806,175.026,55.9801,182.015,30.3157,13.0513,182.242,182.37,173.223,39.5321,173.763,188.742,25.8397,39.6272,171.22,182.399,174.763,59.6556,174.061,70.5458,38.2742,100.218,87.0962,182.327,173.133,160.458,188.524,32183.7,172.305,171.151,11.93,310.027,172.514,182.157,171.913,181.887,169.673,183.98,170.064,184.169,170.664,183.699,192.833,168.076,186.023,185.675,11.4764,193.066,167.452,181.517,8.40585,169.302,172.415,185.548,192.596,167.824,185.167,172.021,185.83,181.046,179.799,188.288,168.815,165.974,166.357,183.317,38.2626,166.221,148.225,165.745,864.155,33.6275,16.92,164.51,180.474,155.208,22.9993,16.929,16.8944,11.5278,27.415,11.5763,11.6482,10.3243,10.0331,9.87926
1250.68,169.386,14.2089,7.38417,190.328,130.073,15.4125,32183.7,87.7813,154.245,25.4621,17.5586,153.616,152.896,32183.7,31.3036,32183.7,231.944,31.4933,31.2532,32183.7,152.083,32183.7,42.8606,32183.7,48.2577,51.6265,61.1799,187.535,151.178,32183.7,80.4599,230.541,172.305,32183.7,32183.7,17.5049,108.491,32183.7,150.179,32183.7,149.085,32183.7,148.459,32183.7,149.52,32183.7,147.354,226.336,32183.7,147.955,208.272,13.4284,227.697,32183.7,147.892,12.1211,32183.7,207.394,145.754,224.949,32183.7,144.55,210.972,146.859,146.599,143.7,229.127,32183.7,32183.7,32183.7,146.15,47.898,32183.7,219.736,77.3769,137.661,41.4207,14.3207,32183.7,145.203,321.884,30.4648,10.8643,20.486,15.87,20.701,10.0044,15.2936,8.95442,13.4652,11.7886
1124.42,164.214,15.4907,4.05614,185.096,126.865,13.7084,32183.7,85.3208,154.31,25.9029,19.0092,153.305,152.203,32183.7,31.6104,32183.7,248.453,30.2189,31.5403,32183.7,150.999,32183.7,43.0211,32183.7,48.3762,49.9481,61.073,182.923,149.697,32183.7,80.2546,247.137,171.151,32183.7,32183.7,19.0221,107.804,32183.7,148.292,32183.7,146.781,32183.7,146.525,32183.7,148.015,32183.7,145.002,242.729,32183.7,146.464,188.532,14.8664,244.002,32183.7,145.161,13.1655,32183.7,192.619,143.402,241.43,32183.7,141.769,196.46,144.925,143.427,139.603,245.81,32183.7,32183.7,32183.7,143.368,52.1403,32183.7,195.866,75.0778,134.583,45.1165,12.4794,32183.7,141.576,350.025,30.274,8.8183,22.4208,16.1748,19.856,8.04433,15.4496,7.12318,13.7034,13.4387
15.4662,17.0225,199.571,3.39911,17.5374,18.5394,9.75222,17.6861,18.4699,14.2699,9.52351,164.14,13.8411,13.412,17.0744,9.88279,18.1647,14.6334,17.2063,9.70055,17.9592,12.9821,16.2002,10.6102,16.6291,10.7561,18.2923,11.066,18.2912,12.5528,17.8203,11.4648,14.818,11.93,17.5049,19.0221,32183.7,11.5716,18.5934,12.1241,18.2813,11.6955,19.4507,11.9523,18.3949,12.4041,18.71,11.5236,14.4946,19.8794,12.2936,14.0406,6.73797,14.3089,19.2523,11.2668,42.4756,19.1387,15.1734,11.3976,14.6793,19.5673,10.9689,15.5455,11.8263,10.8381,9.98068,15.0025,18.8236,19.6809,20.3081,11.0949,24.1409,19.9974,14.319,8.39816,9.78164,25.4203,8.77089,20.7371,10.4094,14.8957,23.2554,1.56789,265.646,21.9096,5.15479,8.35004,20.5087,8.09238,19.6854,0
113.236,66.2262,8.4529,9.3361,68.938,58.1728,14.4427,110.192,47.436,114.488,33.3505,12.8271,114.623,114.695,109.055,44.9572,109.414,118.69,23.986,45.1367,107.823,114.706,109.999,73.2377,109.569,90.7959,34.2055,146.714,67.6028,114.655,109.013,333.117,118.558,310.027,108.491,107.804,11.5716,32183.7,108.644,114.542,108.262,114.367,106.891,115.677,107.111,115.801,107.492,115.494,121.241,105.905,116.956,123.859,12.1255,121.382,105.501,114.13,8.26432,106.652,108.517,116.646,121.096,105.74,116.401,108.277,116.828,113.83,113.039,118.414,106.341,104.589,104.844,115.25,37.5057,104.751,102.688,358.603,472.869,33.3442,16.3872,103.703,113.466,110.25,21.4492,17.8597,17.0706,11.1409,29.8079,10.9777,11.2764,9.80604,9.76765,10.1799
1156.22,164.811,15.0984,5.0061,185.624,127.135,14.0678,32183.7,85.5726,155.221,25.9443,18.6242,154.31,153.304,32183.7,31.7218,32183.7,245.379,30.4041,31.6584,32183.7,152.199,32183.7,43.2399,32183.7,48.6416,50.1531,61.4727,183.302,150.998,32183.7,80.8024,244.036,172.514,32183.7,32183.7,18.5934,108.644,32183.7,149.697,32183.7,148.292,32183.7,147.941,32183.7,149.322,32183.7,146.525,239.691,32183.7,147.767,193.741,14.6244,240.992,32183.7,146.781,12.8681,32183.7,197.032,144.925,238.365,32183.7,143.402,200.819,146.341,145.161,141.576,242.681,32183.7,32183.7,32183.7,145.002,51.1254,32183.7,201.683,76.1712,136.247,44.2411,12.8924,32183.7,143.427,343.276,30.1969,9.49007,21.975,16.0326,20.2119,8.4417,15.3478,7.48792,13.5891,13.1023
162.071,161.475,9.12309,11.231,179.813,121.819,17.2559,152.331,82.9515,32183.7,25.1568,12.8583,32183.7,32183.7,151.182,31.634,150.998,205.563,30.7669,31.6509,149.016,32183.7,152.926,44.0554,152.118,49.7978,49.429,63.8242,175.343,32183.7,150.684,84.1488,203.725,182.157,150.179,148.292,12.1241,114.542,149.697,32183.7,149.398,32183.7,146.781,32183.7,147.798,32183.7,148.097,32183.7,206.852,145.161,32183.7,270.106,8.63734,208.729,145.092,32183.7,8.37604,146.692,239.12,32183.7,204.974,145.181,32183.7,241.826,32183.7,32183.7,32183.7,201.875,146.497,143.581,143.427,32183.7,36.139,143.555,287.722,86.3802,151.137,31.3315,18.9269,141.575,32183.7,243.576,26.6445,15.4937,15.4275,12.1681,23.6565,14.1501,12.372,12.7102,10.461,8.25272
1186.5,166.971,14.8669,5.92978,187.907,128.604,14.589,32183.7,86.6417,154.438,25.7108,18.2996,153.62,152.709,32183.7,31.4906,32183.7,240.4,30.8879,31.4306,32183.7,151.701,32183.7,42.9861,32183.7,48.3683,50.8396,61.1908,185.427,150.598,32183.7,80.4428,239.041,171.913,32183.7,32183.7,18.2813,108.262,32183.7,149.398,32183.7,148.097,32183.7,147.654,32183.7,148.928,32183.7,146.341,234.733,32183.7,147.37,198.28,14.1908,236.049,32183.7,146.692,12.6557,32183.7,200.035,144.741,233.39,32183.7,143.325,203.745,146.054,145.181,141.827,237.671,32183.7,32183.7,32183.7,144.925,50.06,32183.7,207.592,76.3238,136.282,43.3039,13.3855,32183.7,143.561,336.226,30.4084,9.92288,21.4714,16.0525,20.3076,9.01161,15.3966,8.02746,13.6089,12.6284
161.797,160.643,8.73083,11.4651,178.731,120.981,17.3801,151.143,82.4537,32183.7,24.9685,12.4733,32183.7,32183.7,150.184,31.4648,149.697,201.275,30.6769,31.486,147.818,32183.7,152.119,43.8883,151.218,49.6228,49.194,63.6637,174.108,32183.7,149.492,83.9496,199.41,181.887,149.085,146.781,11.6955,114.367,148.292,32183.7,148.097,32183.7,145.161,32183.7,146.497,32183.7,146.692,32183.7,202.474,143.427,32183.7,275.108,7.90089,204.377,143.581,32183.7,8.07865,145.181,242.319,32183.7,200.568,143.561,32183.7,244.97,32183.7,32183.7,32183.7,197.532,145.092,141.961,141.576,32183.7,35.1241,141.821,293.538,86.6035,151.354,30.456,19.3399,139.601,32183.7,236.827,26.2637,15.7246,14.9817,11.7755,23.7548,14.5474,12.0709,13.0749,10.1437,7.91627
1092.61,163.525,15.883,2.77837,184.465,126.526,13.326,32183.7,85.0212,153.305,25.8473,19.3943,152.204,151.003,32183.7,31.4809,32183.7,251.464,30.0149,31.404,32183.7,149.698,32183.7,42.7766,32183.7,48.081,49.7144,60.6346,182.443,148.292,32183.7,79.6549,250.176,169.673,32183.7,32183.7,19.4507,106.891,32183.7,146.781,32183.7,145.161,32183.7,145.002,32183.7,146.604,32183.7,143.369,245.704,32183.7,145.057,183.308,15.0939,246.948,32183.7,143.427,13.4629,32183.7,188.141,141.769,244.432,32183.7,140.022,192.037,143.402,141.576,137.502,248.876,32183.7,32183.7,32183.7,141.622,53.1552,32183.7,190.05,73.9142,132.806,45.992,12.0665,32183.7,139.603,356.774,30.3344,8.07274,22.8666,16.306,19.4781,7.64695,15.5419,6.75845,13.8088,13.7752
160.41,159.73,8.9083,11.1167,177.839,120.459,17.0875,150.6,82.0326,32183.7,25.3969,12.7498,32183.7,32183.7,149.472,31.9403,149.254,203.706,30.4403,31.9607,147.284,32183.7,151.238,44.4847,150.42,50.2888,48.8936,64.4512,173.362,32183.7,148.953,84.985,201.876,183.98,148.459,146.525,11.9523,115.677,147.941,32183.7,147.654,32183.7,145.002,32183.7,146.054,32183.7,146.341,32183.7,205.023,143.369,32183.7,271.532,8.73349,206.891,143.325,32183.7,8.25257,144.925,237.671,32183.7,203.154,143.402,32183.7,240.347,32183.7,32183.7,32183.7,200.035,144.741,141.802,141.622,32183.7,36.0647,141.763,288.244,87.2817,152.687,31.2853,18.8893,139.755,32183.7,243.045,26.2969,15.7002,15.43,11.9511,23.9077,14.0128,12.1782,12.5661,10.2823,8.34443
1184.86,168.625,15.0233,6.07162,189.763,129.872,14.7721,32183.7,87.5062,152.838,25.45,18.3581,152.02,151.109,32183.7,31.166,32183.7,238.547,31.205,31.1029,32183.7,150.101,32183.7,42.539,32183.7,47.8586,51.3495,60.5472,187.272,148.998,32183.7,79.5862,237.199,170.064,32183.7,32183.7,18.3949,107.111,32183.7,147.798,32183.7,146.497,32183.7,146.054,32183.7,147.328,32183.7,144.741,232.864,32183.7,145.77,197.603,14.0145,234.168,32183.7,145.092,12.7385,32183.7,198.676,143.141,231.534,32183.7,141.725,202.364,144.454,143.581,140.227,235.841,32183.7,32183.7,32183.7,143.325,50.0051,32183.7,207.66,75.4503,134.761,43.2383,13.4633,32183.7,141.961,335.897,30.7137,9.74349,21.4115,16.2259,20.0683,9.17939,15.5569,8.19717,13.7523,12.4871
160.618,160.516,9.32174,10.8561,178.875,121.269,16.9458,151.759,82.5089,32183.7,25.5801,13.1557,32183.7,32183.7,150.433,32.1006,150.528,208.137,30.5185,32.1166,148.453,32183.7,152.001,44.6371,151.279,50.4462,49.1135,64.5867,174.558,32183.7,150.115,85.1501,206.336,184.169,149.52,148.015,12.4041,115.801,149.322,32183.7,148.928,32183.7,146.604,32183.7,147.328,32183.7,147.722,32183.7,209.549,145.087,32183.7,266.229,9.43858,211.389,144.815,32183.7,8.56601,146.415,234.268,32183.7,207.708,145.004,32183.7,237.001,32183.7,32183.7,32183.7,204.522,146.122,143.404,143.46,32183.7,37.1343,143.482,282.114,87.0004,152.38,32.208,18.454,141.717,32183.7,250.159,26.6757,15.4428,15.8999,12.3415,23.791,13.594,12.4785,12.1816,10.598,8.69903
1154.75,166.465,15.2592,5.14793,187.48,128.403,14.2509,32183.7,86.4371,153.621,25.6835,18.6846,152.71,151.704,32183.7,31.3971,32183.7,243.51,30.7212,31.3307,32183.7,150.599,32183.7,42.7928,32183.7,48.132,50.663,60.8291,185.147,149.398,32183.7,79.9458,242.179,170.664,32183.7,32183.7,18.71,107.492,32183.7,148.097,32183.7,146.692,32183.7,146.341,32183.7,147.722,32183.7,144.925,237.807,32183.7,146.167,193.102,14.448,239.095,32183.7,145.181,12.9531,32183.7,195.712,143.325,236.492,32183.7,141.802,199.476,144.741,143.561,139.976,240.836,32183.7,32183.7,32183.7,143.402,51.0749,32183.7,201.775,75.2977,134.726,44.1794,12.9726,32183.7,141.827,342.976,30.5022,9.31068,21.9172,16.206,19.9726,8.61424,15.5081,7.66272,13.7325,12.9648
160.121,158.887,8.51605,11.3492,176.744,119.613,17.2105,149.4,81.529,32183.7,25.2068,12.3648,32183.7,32183.7,148.464,31.769,147.941,199.438,30.3484,31.7936,146.074,32183.7,150.421,44.3147,149.51,50.1106,48.6554,64.2867,172.114,32183.7,147.749,84.7805,197.581,183.699,147.354,145.002,11.5236,115.494,146.525,32183.7,146.341,32183.7,143.369,32183.7,144.741,32183.7,144.925,32183.7,200.665,141.622,32183.7,276.549,7.98747,202.56,141.802,32183.7,7.95518,143.402,240.836,32183.7,198.768,141.769,32183.7,243.457,32183.7,32183.7,32183.7,195.712,143.325,140.169,139.757,32183.7,35.0498,140.016,294.061,87.4995,152.894,30.4098,19.3022,137.768,32183.7,236.296,25.9133,15.9294,14.9842,11.5556,24.0044,14.4102,11.8749,12.9308,9.96266,8.00799
196.739,154.207,10.8867,8.02212,172.719,117.669,14.776,233.052,79.603,227.828,27.7482,15.2962,223.76,219.628,223.082,34.399,236.589,32183.7,28.8689,34.4005,229.702,215.426,216.281,47.3892,219.65,53.4839,47.0341,68.0346,169.415,211.168,231.356,89.6454,32183.7,192.833,226.336,242.729,14.4946,121.241,239.691,206.852,234.733,202.474,245.704,205.023,232.864,209.549,237.807,200.665,32183.7,248.613,208.33,236.44,13.6315,32183.7,238.894,198.031,9.99122,240.818,153.554,199.349,32183.7,243.764,194.954,156.749,203.68,193.524,184.313,32183.7,235.911,241.813,251.457,196.242,43.9362,246.655,242.786,88.7249,156.571,38.1712,15.2468,254.238,188.952,295.201,26.8547,14.3817,19.074,13.3443,24.0018,9.90287,13.1077,8.67656,11.3932,11.5497
1060.79,162.742,16.2752,0,183.732,126.117,12.9188,32183.7,84.6736,152.204,25.7776,19.7794,151.004,149.702,32183.7,31.3331,32183.7,254.411,29.7917,31.2491,32183.7,148.294,32183.7,42.5058,32183.7,47.7557,49.4515,60.1568,181.863,146.781,32183.7,79.0024,253.15,168.076,32183.7,32183.7,19.8794,105.905,32183.7,145.161,32183.7,143.427,32183.7,143.369,32183.7,145.087,32183.7,141.622,248.613,32183.7,143.543,178.07,15.3076,249.83,32183.7,141.576,13.7603,32183.7,183.599,140.022,247.37,32183.7,138.157,187.55,141.769,139.603,135.269,251.878,32183.7,32183.7,32183.7,139.757,54.1701,32183.7,184.233,72.6771,130.913,46.8674,11.6535,32183.7,137.503,363.523,30.3784,7.23167,23.3124,16.4266,19.0768,7.24958,15.6249,6.39371,13.9054,14.1116
158.994,158.887,9.16108,10.705,177.052,120.028,16.7576,150.196,81.6597,32183.7,25.8469,13.103,32183.7,32183.7,148.864,32.4304,148.97,206.877,30.2037,32.4492,146.891,32183.7,150.425,45.089,149.707,50.9607,48.6105,65.2343,172.752,32183.7,148.553,86.0115,205.088,186.023,147.955,146.464,12.2936,116.956,147.767,32183.7,147.37,32183.7,145.057,32183.7,145.77,32183.7,146.167,32183.7,208.33,143.543,32183.7,266.861,9.63781,210.157,143.264,32183.7,8.48495,144.864,232.349,32183.7,206.502,143.457,32183.7,235.062,32183.7,32183.7,32183.7,203.287,144.567,141.857,141.92,32183.7,37.2083,141.938,281.736,87.8633,153.889,32.2897,18.3518,140.182,32183.7,250.615,26.3829,15.613,15.9673,12.181,24.026,13.3914,12.3281,11.9767,10.4651,8.83793
230.989,116.71,11.1427,9.82724,122.651,95.1892,16.5591,204.72,72.0962,244.857,26.012,14.5437,249.932,254.996,213.411,32.7153,198.936,237.211,30.1201,32.7359,202.833,260.054,223.802,45.9737,218.711,52.2393,46.6893,67.7658,118.796,265.091,203.833,90.2834,234.98,185.675,208.272,188.532,14.0406,123.859,193.741,270.106,198.28,275.108,183.308,271.532,197.603,266.229,193.102,276.549,236.44,178.07,266.861,32183.7,11.3677,238.692,187.267,280.095,9.96882,187.91,236.835,277.399,234.189,182.703,282.418,232.497,272.365,285.068,294.972,232.747,192.442,182.077,172.818,281.552,36.7835,177.465,668.904,97.0946,169.625,32.5653,17.263,167.546,290.027,133.325,26.833,14.2961,17.2082,13.6757,23.655,12.2822,13.5428,10.9496,11.7958,9.93066
12.4741,11.5385,0.271923,0,12.0971,11.9955,0,14.061,10.822,11.4517,43.6446,11.0351,10.9751,10.4617,13.1176,28.9664,14.3672,13.0506,6.94382,28.7945,13.7367,9.90535,12.425,20.1976,12.7756,18.6145,9.15323,15.44,12.352,9.3005,13.8963,14.1439,13.2207,11.4764,13.4284,14.8664,6.73797,12.1255,14.6244,8.63734,14.1908,7.90089,15.0939,8.73349,14.0145,9.43858,14.448,7.98747,13.6315,15.3076,9.63781,11.3677,32183.7,13.4629,14.5137,7.06938,7.15691,14.6901,10.9028,8.16381,13.7968,14.9176,7.31949,11.2626,8.90984,6.1062,3.38476,13.3861,14.2717,14.7413,15.508,7.1431,18.5153,15.132,10.2661,3.85682,6.92864,19.7027,2.09327,15.6958,4.93991,14.7069,9.85834,0,20.8898,8.22295,0,0,7.85611,0,7.58466,21.906
198.253,154.14,10.7161,8.18621,172.585,117.54,14.8694,234.41,79.5431,229.571,27.7196,15.1298,225.53,221.424,224.47,34.3889,237.917,32183.7,28.8849,34.3926,231.034,217.249,217.724,47.4021,221.066,53.505,47.0224,68.0868,169.22,213.017,232.701,89.7211,32183.7,193.066,227.697,244.002,14.3089,121.382,240.992,208.729,236.049,204.377,246.948,206.891,234.168,211.389,239.095,202.56,32183.7,249.83,210.157,238.692,13.4629,32183.7,240.143,199.962,9.86235,242.078,155.153,201.232,32183.7,244.997,196.865,158.348,205.537,195.483,186.328,32183.7,237.188,243.033,252.645,198.164,43.4994,247.859,245.287,88.9957,156.961,37.7946,15.4238,255.396,190.938,292.296,26.7585,14.5425,18.8824,13.2378,24.0942,10.0722,13.0258,8.83174,11.307,11.4057
1121.42,167.523,15.8078,4.33979,188.808,129.4,14.0746,32183.7,87.0498,151.11,25.3812,19.1282,150.105,149.003,32183.7,30.961,32183.7,244.65,30.8531,30.885,32183.7,147.799,32183.7,42.1269,32183.7,47.3569,50.9681,59.7858,186.614,146.497,32183.7,78.5413,243.357,167.452,32183.7,32183.7,19.2523,105.501,32183.7,145.092,32183.7,143.581,32183.7,143.325,32183.7,144.815,32183.7,141.802,238.894,32183.7,143.264,187.267,14.5137,240.143,32183.7,141.961,13.3333,32183.7,190.022,140.202,237.619,32183.7,138.569,193.817,141.725,140.227,136.403,242.054,32183.7,32183.7,32183.7,140.168,52.0348,32183.7,196.026,73.3307,131.54,44.9893,12.6374,32183.7,138.376,349.396,30.8846,8.45952,22.3031,16.5215,19.3775,8.38464,15.7702,7.4677,13.9902,13.16
161.432,159.715,8.33857,11.6856,177.539,120.067,17.4933,149.853,81.9048,32183.7,24.7639,12.0882,32183.7,32183.7,149.09,31.2768,148.292,196.924,30.5695,31.302,146.519,32183.7,151.219,43.696,150.224,49.4194,48.9299,63.4679,172.76,32183.7,148.198,83.7037,195.031,181.517,147.892,145.161,11.2668,114.13,146.781,32183.7,146.692,32183.7,143.427,32183.7,145.092,32183.7,145.181,32183.7,198.031,141.576,32183.7,280.095,7.06938,199.962,141.961,32183.7,7.78126,143.561,245.455,32183.7,196.098,141.827,32183.7,248.052,32183.7,32183.7,32183.7,193.127,143.581,140.227,139.603,32183.7,34.1092,139.97,299.355,86.7792,151.488,29.5806,19.7529,137.501,32183.7,230.077,25.8584,15.9414,14.536,11.3563,23.8397,14.9448,11.7508,13.4396,9.80508,7.57984
10.6967,11.5914,52.7692,1.87096,11.9609,12.5918,6.66873,12.2387,12.5058,9.86466,7.85999,54.7585,9.56716,9.26945,11.8224,7.85124,12.5708,10.0988,11.8898,7.70159,12.4363,8.97121,11.2159,8.08222,11.5135,8.09287,12.3918,8.15201,12.4871,8.67343,12.3359,8.30312,10.2268,8.40585,12.1211,13.1655,42.4756,8.26432,12.8681,8.37604,12.6557,8.07865,13.4629,8.25257,12.7385,8.56601,12.9531,7.95518,9.99122,13.7603,8.48495,9.96882,7.15691,9.86235,13.3333,7.78126,32183.7,13.2505,10.5115,7.86338,10.1193,13.5479,7.56599,10.7698,8.16077,7.48387,6.88905,10.3549,13.0359,13.6307,14.0577,7.65777,13.5645,13.8463,10.1334,6.04254,6.9134,13.4593,7.26485,14.3553,7.18648,10.0429,16.5995,1.22064,20.5471,17.8709,4.08138,6.98398,16.887,6.82493,16.771,0
1122.98,165.869,15.6514,4.19795,186.952,128.132,13.8915,32183.7,86.1853,152.71,25.642,19.0697,151.705,150.603,32183.7,31.2857,32183.7,246.558,30.536,31.2127,32183.7,149.399,32183.7,42.574,32183.7,47.8665,50.4581,60.4294,184.768,148.097,32183.7,79.3979,245.253,169.302,32183.7,32183.7,19.1387,106.652,32183.7,146.692,32183.7,145.181,32183.7,144.925,32183.7,146.415,32183.7,143.402,240.818,32183.7,144.864,187.91,14.6901,242.078,32183.7,143.561,13.2505,32183.7,191.326,141.802,239.53,32183.7,140.169,195.144,143.325,141.827,138.003,243.938,32183.7,32183.7,32183.7,141.768,52.0898,32183.7,195.959,74.2042,133.062,45.0549,12.5596,32183.7,139.976,349.725,30.5793,8.6389,22.363,16.3482,19.6168,8.21686,15.6099,7.29799,13.8468,13.3013
261.36,172.841,12.179,10.2781,193.383,131.627,17.2366,206.164,89.2385,222.179,24.6225,15.3768,225.688,229.138,211.515,30.6113,201.382,155.537,32.5552,30.5865,202.977,232.532,219.693,42.2797,215.713,47.686,52.8123,60.8148,189.711,235.859,204.613,80.0607,153.937,172.415,207.394,192.619,15.1734,108.517,197.032,239.12,200.035,242.319,188.141,237.671,198.676,234.268,195.712,240.836,153.554,183.599,232.349,236.835,10.9028,155.153,190.022,245.455,10.5115,191.326,32183.7,238.979,151.954,186.877,242.054,32183.7,235.841,248.529,254.483,152.337,194.381,185.6,178.991,243.938,41.7186,182.348,254.483,79.7188,140.565,36.0526,16.9366,174.313,251.538,280.865,29.9546,12.9406,17.6971,14.8923,21.607,12.7054,14.6072,11.4639,12.6811,9.47842
158.482,157.233,8.34123,11.2074,174.888,118.346,17.0274,147.8,80.6645,32183.7,25.4676,12.2982,32183.7,32183.7,146.864,32.0936,146.341,198.083,30.0313,32.1213,144.474,32183.7,148.821,44.7618,147.91,50.6203,48.1454,64.9303,170.269,32183.7,146.149,85.6371,196.238,185.548,145.754,143.402,11.3976,116.646,144.925,32183.7,144.741,32183.7,141.769,32183.7,143.141,32183.7,143.325,32183.7,199.349,140.022,32183.7,277.399,8.16381,201.232,140.202,32183.7,7.86338,141.802,238.979,32183.7,197.464,140.169,32183.7,241.576,32183.7,32183.7,32183.7,194.381,141.725,138.569,138.157,32183.7,35.0871,138.416,293.893,88.373,154.416,30.4599,19.2149,136.168,32183.7,236.509,25.608,16.1088,15.0356,11.3822,24.2437,14.222,11.7146,12.739,9.81927,8.13475
195.206,154.244,11.0556,7.85172,172.82,117.777,14.6787,231.668,79.6477,226.084,27.7762,15.462,221.99,217.831,221.668,34.4084,235.236,32183.7,28.8474,34.4076,228.344,213.602,214.814,47.3753,218.209,53.4615,47.037,67.9807,169.578,209.317,229.985,89.5676,32183.7,192.596,224.949,241.43,14.6793,121.096,238.365,204.974,233.39,200.568,244.432,203.154,231.534,207.708,236.492,198.768,32183.7,247.37,206.502,234.189,13.7968,32183.7,237.619,196.098,10.1193,239.53,151.954,197.464,32183.7,242.505,193.042,155.149,201.823,191.563,182.295,32183.7,234.608,240.565,250.242,194.318,44.3731,245.424,240.282,88.4509,156.177,38.5481,15.069,253.051,186.963,298.107,26.9451,14.2179,19.2659,13.4468,23.9082,9.73191,13.1862,8.51966,11.4761,11.6945
1091.21,165.18,16.0437,2.92019,186.321,127.793,13.5091,32183.7,85.8858,151.705,25.5865,19.4547,150.604,149.403,32183.7,31.1562,32183.7,249.541,30.332,31.0763,32183.7,148.098,32183.7,42.3294,32183.7,47.5714,50.2244,59.991,184.289,146.692,32183.7,78.7983,248.264,167.824,32183.7,32183.7,19.5673,105.74,32183.7,145.181,32183.7,143.561,32183.7,143.402,32183.7,145.004,32183.7,141.769,243.764,32183.7,143.457,182.703,14.9176,244.997,32183.7,141.827,13.5479,32183.7,186.877,140.169,242.505,32183.7,138.422,190.749,141.802,139.976,135.902,246.976,32183.7,32183.7,32183.7,140.022,53.1047,32183.7,190.142,73.0406,131.285,45.9303,12.1466,32183.7,138.003,356.474,30.6398,7.89334,22.8088,16.4794,19.2389,7.81949,15.7022,6.93325,13.9522,13.6377
158.097,156.294,7.94896,11.4263,173.683,117.422,17.1394,146.5,80.1096,32183.7,25.2611,11.9132,32183.7,32183.7,145.759,31.9034,144.925,193.779,29.9218,31.9352,143.163,32183.7,147.91,44.5667,146.905,50.4137,47.8779,64.7305,168.907,32183.7,144.844,85.3858,191.907,185.167,144.55,141.769,10.9689,116.401,143.402,32183.7,143.325,32183.7,140.022,32183.7,141.725,32183.7,141.802,32183.7,194.954,138.157,32183.7,282.418,7.31949,196.865,138.569,32183.7,7.56599,140.169,242.054,32183.7,193.042,138.422,32183.7,244.595,32183.7,32183.7,32183.7,190.022,140.202,136.822,136.17,32183.7,34.0722,136.551,299.71,88.5433,154.541,29.5844,19.6279,134.052,32183.7,229.759,25.1998,16.3241,14.5898,10.9598,24.3271,14.6193,11.3923,13.1037,9.47812,7.7983
264.836,173.076,12.5209,9.97556,193.767,131.966,17.0649,209.838,89.4121,225.154,24.6899,15.7098,228.609,232.006,215.041,30.6438,205.115,158.733,32.5429,30.6147,206.611,235.346,223.113,42.2707,219.185,47.6628,52.8674,60.7346,190.218,238.619,208.266,79.9417,157.133,172.021,210.972,196.46,15.5455,108.277,200.819,241.826,203.745,244.97,192.037,240.347,202.364,237.001,199.476,243.457,156.749,187.55,235.062,232.497,11.2626,158.348,193.817,248.052,10.7698,195.144,32183.7,241.576,155.149,190.749,244.595,32183.7,238.494,251.069,256.911,155.533,198.122,189.449,182.998,246.504,42.5906,186.275,249.475,79.2156,139.849,36.8043,16.583,178.376,254.022,286.665,30.1683,12.6371,18.0791,15.1216,21.4336,12.3677,14.7844,11.1543,12.8668,9.76378
158.776,158.076,8.73349,10.9749,175.983,119.192,16.9044,149,81.1681,32183.7,25.6578,12.6833,32183.7,32183.7,147.872,32.2649,147.654,202.324,30.1232,32.2884,145.684,32183.7,149.638,44.9319,148.82,50.7985,48.3836,65.0948,171.517,32183.7,147.353,85.8416,200.506,185.83,146.859,144.925,11.8263,116.828,146.341,32183.7,146.054,32183.7,143.402,32183.7,144.454,32183.7,144.741,32183.7,203.68,141.769,32183.7,272.365,8.90984,205.537,141.725,32183.7,8.16077,143.325,235.841,32183.7,201.823,141.802,32183.7,238.494,32183.7,32183.7,32183.7,198.676,143.141,140.202,140.022,32183.7,36.102,140.163,288.077,88.1552,154.209,31.3354,18.802,138.155,32183.7,243.258,25.9916,15.8796,15.4814,11.7777,24.1469,13.8246,12.0178,12.3743,10.1389,8.47119
160.975,158.69,7.94631,11.8932,176.234,119.073,17.5958,148.461,81.3037,32183.7,24.5427,11.7031,32183.7,32183.7,147.898,31.0695,146.781,192.509,30.4444,31.0988,145.116,32183.7,150.225,43.4784,149.134,49.1874,48.6362,63.2366,171.296,32183.7,146.802,83.4106,190.589,181.046,146.599,143.427,10.8381,113.83,145.161,32183.7,145.181,32183.7,141.576,32183.7,143.581,32183.7,143.561,32183.7,193.524,139.603,32183.7,285.068,6.1062,195.483,140.227,32183.7,7.48387,141.827,248.529,32183.7,191.563,139.976,32183.7,251.069,32183.7,32183.7,32183.7,188.657,141.961,138.376,137.503,32183.7,33.0943,137.996,305.171,86.9076,151.541,28.7051,20.1658,135.268,32183.7,223.328,25.4275,16.1446,14.0902,10.9076,23.9115,15.3422,11.4102,13.8044,9.443,7.2434
159.779,156.339,7.16173,12.2722,173.278,116.841,17.7691,145.355,79.9401,32183.7,24.0483,10.933,32183.7,32183.7,145.209,30.5956,143.427,183.486,30.1404,30.6329,141.988,32183.7,147.946,42.9653,146.657,48.6353,47.9574,62.6656,168.011,32183.7,143.687,82.6806,181.51,179.799,143.7,139.603,9.98068,113.039,141.576,32183.7,141.827,32183.7,137.502,32183.7,140.227,32183.7,139.976,32183.7,184.313,135.269,32183.7,294.972,3.38476,186.328,136.403,32183.7,6.88905,138.003,254.483,32183.7,182.295,135.902,32183.7,256.911,32183.7,32183.7,32183.7,179.521,138.376,134.302,132.896,32183.7,31.0644,133.661,316.806,87.0236,151.402,26.9541,20.9918,130.373,32183.7,209.828,24.4834,16.5126,13.1985,9.90594,24.0158,16.137,10.6595,14.5339,8.63646,6.57047
198.305,158.098,11.5105,8.18211,177.143,120.73,15.1052,235.852,81.6616,222.672,27.1686,15.6353,218.64,214.543,225.784,33.6521,239.489,32183.7,29.5861,33.6442,232.588,210.376,218.803,46.3336,222.26,52.2742,48.2249,66.4815,173.877,206.154,234.198,87.5721,32183.7,188.288,229.127,245.81,15.0025,118.414,242.681,201.875,237.671,197.532,248.876,200.035,235.841,204.522,240.836,195.712,32183.7,251.878,203.287,232.747,13.3861,32183.7,242.054,193.127,10.3549,243.938,152.337,194.381,32183.7,246.976,190.022,155.533,198.676,188.657,179.521,32183.7,238.979,245.065,254.816,191.326,44.3241,249.96,240.89,86.416,152.633,38.4646,15.2943,257.691,184.122,297.864,27.6564,13.8,19.1644,13.8507,23.3509,10.2239,13.5596,9.02655,11.8101,11.4267
1153.14,168.12,15.4156,5.28975,189.336,129.67,14.434,32183.7,87.3016,152.021,25.4226,18.7431,151.11,150.104,32183.7,31.0725,32183.7,241.63,31.0383,31.003,32183.7,148.999,32183.7,42.3456,32183.7,47.6223,51.173,60.1855,186.993,147.798,32183.7,79.0892,240.31,168.815,32183.7,32183.7,18.8236,106.341,32183.7,146.497,32183.7,145.092,32183.7,144.741,32183.7,146.122,32183.7,143.325,235.911,32183.7,144.567,192.442,14.2717,237.188,32183.7,143.581,13.0359,32183.7,194.381,141.725,234.608,32183.7,140.202,198.122,143.141,141.961,138.376,238.979,32183.7,32183.7,32183.7,141.802,51.02,32183.7,201.843,74.4242,133.205,44.1138,13.0504,32183.7,140.227,342.646,30.8075,9.13129,21.8573,16.3793,19.7334,8.78201,15.6684,7.83243,13.8759,12.8235
1089.68,166.834,16.2001,3.06199,188.177,129.061,13.6922,32183.7,86.7503,150.105,25.3257,19.5132,149.004,147.803,32183.7,30.8315,32183.7,247.605,30.6491,30.7486,32183.7,146.498,32183.7,41.8823,32183.7,47.0617,50.7343,59.3474,186.134,145.092,32183.7,77.9417,246.341,165.974,32183.7,32183.7,19.6809,104.589,32183.7,143.581,32183.7,141.961,32183.7,141.802,32183.7,143.404,32183.7,140.169,241.813,32183.7,141.857,182.077,14.7413,243.033,32183.7,140.227,13.6307,32183.7,185.6,138.569,240.565,32183.7,136.822,189.449,140.202,138.376,134.302,245.065,32183.7,32183.7,32183.7,138.422,53.0498,32183.7,190.21,72.1671,129.764,45.8648,12.2244,32183.7,136.403,356.145,30.9451,7.71394,22.7489,16.6528,18.9996,7.98726,15.8625,7.10295,14.0956,13.4964
1028.96,161.864,16.6675,0,182.893,125.637,12.4841,32183.7,84.2771,151.005,25.6935,20.1644,149.704,148.298,32183.7,31.1667,32183.7,257.293,29.5489,31.0754,32183.7,146.783,32183.7,42.2083,32183.7,47.3996,49.159,59.6386,181.18,145.161,32183.7,78.2957,256.06,166.357,32183.7,32183.7,20.3081,104.844,32183.7,143.427,32183.7,141.576,32183.7,141.622,32183.7,143.46,32183.7,139.757,251.457,32183.7,141.92,172.818,15.508,252.645,32183.7,139.603,14.0577,32183.7,178.991,138.157,250.242,32183.7,136.17,182.998,140.022,137.503,132.896,254.816,32183.7,32183.7,32183.7,137.769,55.185,32183.7,178.416,71.3628,128.897,47.7429,11.2405,32183.7,135.269,370.273,30.406,6.25878,23.7582,16.5367,18.6507,6.8522,15.6987,6.02898,13.9934,14.448
159.741,157.948,8.12376,11.5682,175.539,118.69,17.3225,148.099,80.9741,32183.7,25.0003,11.9797,32183.7,32183.7,147.358,31.5787,146.525,195.106,30.2389,31.6075,144.763,32183.7,149.51,44.1195,148.505,49.904,48.3879,64.0869,170.753,32183.7,146.444,84.5292,193.222,183.317,146.15,143.368,11.0949,115.25,145.002,32183.7,144.925,32183.7,141.622,32183.7,143.325,32183.7,143.402,32183.7,196.242,139.757,32183.7,281.552,7.1431,198.164,140.168,32183.7,7.65777,141.768,243.938,32183.7,194.318,140.022,32183.7,246.504,32183.7,32183.7,32183.7,191.326,141.802,138.422,137.769,32183.7,34.0348,138.15,299.878,87.6698,153.02,29.5343,19.7152,135.652,32183.7,229.546,25.5051,16.1447,14.5384,11.1331,24.0879,14.8076,11.5526,13.2955,9.6215,7.67153
43.8806,42.1538,16.4596,5.08408,43.8581,43.2063,10.7692,48.9774,38.7357,41.2192,25.7448,24.1684,40.2039,39.1879,46.8788,28.6444,50.1105,43.4503,22.1442,28.4913,48.9736,38.1701,44.8091,32.7408,45.8245,34.0238,30.8779,35.6178,45.0383,37.1539,48.9685,37.388,43.8872,38.2626,47.898,52.1403,24.1409,37.5057,51.1254,36.139,50.06,35.1241,53.1552,36.0647,50.0051,37.1343,51.0749,35.0498,43.9362,54.1701,37.2083,36.7835,18.5153,43.4994,52.0348,34.1092,13.5645,52.0898,41.7186,35.0871,44.3731,53.1047,34.0722,42.5906,36.102,33.0943,31.0644,44.3241,51.02,53.0498,55.185,34.0348,32183.7,54.123,35.8842,29.6754,32.823,278.5,10.5639,56.2007,32.0794,51.2284,25.6702,9.79101,34.2604,14.9164,17.8921,6.49984,14.0734,5.72389,12.4861,17.8608
1059.32,164.394,16.4372,0,185.585,127.383,13.1005,32183.7,85.5369,150.6,25.5165,19.8411,149.4,148.098,32183.7,31.0079,32183.7,252.469,30.1081,30.9209,32183.7,146.689,32183.7,42.0577,32183.7,47.2449,49.9606,59.5116,183.706,145.176,32183.7,78.1435,251.221,166.221,32183.7,32183.7,19.9974,104.751,32183.7,143.555,32183.7,141.821,32183.7,141.763,32183.7,143.482,32183.7,140.016,246.655,32183.7,141.938,177.465,15.132,247.859,32183.7,139.97,13.8463,32183.7,182.348,138.416,245.424,32183.7,136.551,186.275,140.163,137.996,133.661,249.96,32183.7,32183.7,32183.7,138.15,54.123,32183.7,184.306,71.7993,129.385,46.8087,11.7323,32183.7,135.896,363.246,30.6839,7.0493,23.2561,16.6004,18.8362,7.4208,15.7855,6.56732,14.0491,13.9753
243.283,139.064,11.5888,10.7689,146.471,111.048,17.7441,213.994,82.0639,258.606,24.1341,14.5852,264.424,270.247,225.577,30.0959,207.5,245.898,32.4675,30.0926,213.571,276.081,237.44,41.567,231.62,46.7961,51.4059,59.6012,141.462,281.905,213.848,77.2486,243.394,148.225,219.736,195.866,14.319,102.688,201.683,287.722,207.592,293.538,190.05,288.244,207.66,282.114,201.775,294.061,242.786,184.233,281.736,668.904,10.2661,245.287,196.026,299.355,10.1334,195.959,254.483,293.893,240.282,190.142,299.71,249.475,288.077,305.171,316.806,240.89,201.843,190.21,178.416,299.878,35.8842,184.306,32183.7,82.2984,135.471,31.6537,18.0515,172.595,310.988,131.326,28.6868,13.5167,16.6062,14.3402,22.1174,13.4792,14.1915,12.0892,12.3188,9.07492
82.593,53.3411,5.6666,10.472,54.7381,47.036,14.5533,78.2668,39.6539,84.5326,34.5683,9.89662,85.0011,85.4197,78.2146,49.1116,77.1974,86.9533,21.85,49.4509,76.427,85.7892,79.7365,88.8,79.0193,117.804,29.902,240.225,53.2497,86.1091,77.3553,4309.51,86.6897,165.745,77.3769,75.0778,8.39816,358.603,76.1712,86.3802,76.3238,86.6035,73.9142,87.2817,75.4503,87.0004,75.2977,87.4995,88.7249,72.6771,87.8633,97.0946,3.85682,88.9957,73.3307,86.7792,6.04254,74.2042,79.7188,88.373,88.4509,73.0406,88.5433,79.2156,88.1552,86.9076,87.0236,86.416,74.4242,72.1671,71.3628,87.6698,29.6754,71.7993,82.2984,32183.7,206.221,26.6279,18.5473,69.9659,86.9891,79.84,17.8274,21.0567,13.7166,8.01281,33.4168,12.604,8.79026,11.3026,7.20623,7.62257
145.923,75.1407,6.88461,10.7762,78.4527,64.176,15.5546,139.417,51.2296,148.807,29.8959,11.0502,149.441,149.991,138.91,39.8717,137.803,153.404,24.9133,40.0152,136.235,150.457,141.151,62.1649,140.1,74.683,36.0083,110.667,76.4624,150.839,137.839,192.786,153.027,864.155,137.661,134.583,9.78164,472.869,136.247,151.137,136.282,151.354,132.806,152.687,134.761,152.38,134.726,152.894,156.571,130.913,153.889,169.625,6.92864,156.961,131.54,151.488,6.9134,133.062,140.565,154.416,156.177,131.285,154.541,139.849,154.209,151.541,151.402,152.633,133.205,129.764,128.897,153.02,32.823,129.385,135.471,206.221,32183.7,28.9331,18.873,126.753,151.512,125.999,20.8677,18.5394,14.4826,9.57386,28.6697,13.3448,10.1301,11.9681,8.4476,7.95096
38.0002,36.5449,15.8687,4.55884,37.9929,37.5974,9.83013,42.3881,33.9944,35.7137,25.6812,25.7184,34.838,33.9615,40.5416,27.9902,43.3656,37.7108,20.2182,27.8319,42.3486,33.0836,38.7562,31.0125,39.6322,31.8777,27.6457,32.6881,39.0143,32.207,42.3624,33.7277,38.0877,33.6275,41.4207,45.1165,25.4203,33.3442,44.2411,31.3315,43.3039,30.456,45.992,31.2853,43.2383,32.208,44.1794,30.4098,38.1712,46.8674,32.2897,32.5653,19.7027,37.7946,44.9893,29.5806,13.4593,45.0549,36.0526,30.4599,38.5481,45.9303,29.5844,36.8043,31.3354,28.7051,26.9541,38.4646,44.1138,45.8648,47.7429,29.5343,278.5,46.8087,31.6537,26.6279,28.9331,32183.7,9.84722,48.6191,27.8296,43.5025,23.8764,9.72437,39.0311,14.1737,17.5741,5.45198,13.3627,4.62495,11.8736,19.8842
15.8102,16.1158,8.19688,19.2531,15.46,15.1334,20.5602,13.7665,16.0899,16.8597,9.04357,8.5262,17.2728,17.6863,14.7354,10.6327,13.3054,15.6499,18.3757,10.6204,13.883,18.1004,15.5777,12.5974,15.1645,13.0904,17.314,14.486,14.9069,18.5139,13.8297,15.1767,15.472,16.92,14.3207,12.4794,8.77089,16.3872,12.8924,18.9269,13.3855,19.3399,12.0665,18.8893,13.4633,18.454,12.9726,19.3022,15.2468,11.6535,18.3518,17.263,2.09327,15.4238,12.6374,19.7529,7.26485,12.5596,16.9366,19.2149,15.069,12.1466,19.6279,16.583,18.802,20.1658,20.9918,15.2943,13.0504,12.2244,11.2405,19.7152,10.5639,11.7323,18.0515,18.5473,18.873,9.84722,32183.7,10.8272,20.5788,14.2981,12.3731,10.123,6.54816,8.29366,12.309,425.765,9.32199,127.541,8.27402,0
997.091,160.889,17.0601,0,181.948,125.086,12.0189,32183.7,83.8308,149.703,25.5948,20.5498,148.299,146.787,32183.7,30.9814,32183.7,260.111,29.2858,30.8824,32183.7,145.162,32183.7,41.8833,32183.7,47.0116,48.836,59.0784,180.393,143.426,32183.7,77.5326,258.907,164.51,32183.7,32183.7,20.7371,103.703,32183.7,141.575,32183.7,139.601,32183.7,139.755,32183.7,141.717,32183.7,137.768,254.238,32183.7,140.182,167.546,15.6958,255.396,32183.7,137.501,14.3553,32183.7,174.313,136.168,253.051,32183.7,134.052,178.376,138.155,135.268,130.373,257.691,32183.7,32183.7,32183.7,135.652,56.2007,32183.7,172.595,69.9659,126.753,48.6191,10.8272,32183.7,132.894,377.028,30.4171,5.08274,24.2043,16.6366,18.1975,6.4545,15.7636,5.66395,14.0731,14.7848
160.425,157.565,7.55405,12.0885,174.815,117.998,17.6877,146.963,80.6492,32183.7,24.3043,11.3181,32183.7,32183.7,146.605,30.8426,145.161,188.03,30.3015,30.8759,143.607,32183.7,149.135,43.2349,147.946,48.9261,48.3122,62.9693,169.714,32183.7,145.299,83.0697,186.082,180.474,145.203,141.576,10.4094,113.466,143.427,32183.7,143.561,32183.7,139.603,32183.7,141.961,32183.7,141.827,32183.7,188.952,137.503,32183.7,290.027,4.93991,190.938,138.376,32183.7,7.18648,139.976,251.538,32183.7,186.963,138.003,32183.7,254.022,32183.7,32183.7,32183.7,184.122,140.227,136.403,135.269,32183.7,32.0794,135.896,310.988,86.9891,151.512,27.8296,20.5788,132.894,32183.7,216.579,24.9697,16.3349,13.6444,10.4257,23.9701,15.7396,11.0471,14.1691,9.05464,6.90695
295.078,134.576,10.8334,7.40933,149.295,110.073,13.9444,328.99,75.9784,277.36,28.543,15.8396,270.609,263.852,315.107,35.1167,336.526,292.053,27.8051,35.0992,329.038,257.083,301.342,47.7683,308.095,53.6029,45.3214,66.8871,149.47,250.325,328.968,85.9636,294.958,155.208,321.884,350.025,14.8957,110.25,343.276,243.576,336.226,236.827,356.774,243.045,335.897,250.159,342.976,236.296,295.201,363.523,250.615,133.325,14.7069,292.296,349.396,230.077,10.0429,349.725,280.865,236.509,298.107,356.474,229.759,286.665,243.258,223.328,209.828,297.864,342.646,356.145,370.273,229.546,51.2284,363.246,131.326,79.84,125.999,43.5025,14.2981,377.028,216.579,32183.7,26.7506,14.1598,20.3186,13.2743,23.8449,8.98646,12.9788,7.82957,11.2759,12.2807
28.9968,35.9896,21.8886,0,35.4237,39.256,30.2647,29.9783,46.1955,28.2149,13.6517,20.6902,27.9433,27.651,30.3177,14.8407,30.1031,27.4723,780.632,14.7196,30.601,27.3371,29.9643,16.7882,30.147,17.3939,73.5292,18.7679,36.0984,27.0019,30.2886,20.1104,27.566,22.9993,30.4648,30.274,23.2554,21.4492,30.1969,26.6445,30.4084,26.2637,30.3344,26.2969,30.7137,26.6757,30.5022,25.9133,26.8547,30.3784,26.3829,26.833,9.85834,26.7585,30.8846,25.8584,16.5995,30.5793,29.9546,25.608,26.9451,30.6398,25.1998,30.1683,25.9916,25.4275,24.4834,27.6564,30.8075,30.9451,30.406,25.5051,25.6702,30.6839,28.6868,17.8274,20.8677,23.8764,12.3731,30.4171,24.9697,26.7506,32183.7,2.93545,16.5145,38.9413,10.021,10.355,33.5505,9.36001,26.8315,8.2283
13.0836,11.3674,0.263772,7.69672,10.9578,9.99699,8.65403,10.7275,9.848,14.1012,35.5014,3.07025,14.414,14.7087,11.3469,28.6747,10.1023,14.1231,8.71459,29.0231,10.3149,14.9868,12.2305,23.0749,11.812,21.8922,9.40408,20.1829,10.1731,15.2481,10.5261,18.7592,13.9637,16.929,10.8643,8.8183,1.56789,17.8597,9.49007,15.4937,9.92288,15.7246,8.07274,15.7002,9.74349,15.4428,9.31068,15.9294,14.3817,7.23167,15.613,14.2961,0,14.5425,8.45952,15.9414,1.22064,8.6389,12.9406,16.1088,14.2179,7.89334,16.3241,12.6371,15.8796,16.1446,16.5126,13.8,9.13129,7.71394,6.25878,16.1447,9.79101,7.0493,13.5167,21.0567,18.5394,9.72437,10.123,5.08274,16.3349,14.1598,2.93545,32183.7,6.49192,0,67.8632,2.56592,0,0,0,2.7967
18.8098,18.4628,28.3629,2.50297,19.1458,19.3041,6.20862,21.0315,17.9979,17.659,19.4348,94.9996,17.2131,16.7668,20.0383,19.1353,21.5292,18.7806,12.7248,18.9966,20.9584,16.3197,19.1291,18.7784,19.5752,18.6458,15.8144,17.9991,19.6824,15.8733,20.992,17.8419,18.9725,16.8944,20.486,22.4208,265.646,17.0706,21.975,15.4275,21.4714,14.9817,22.8666,15.43,21.4115,15.8999,21.9172,14.9842,19.074,23.3124,15.9673,17.2082,20.8898,18.8824,22.3031,14.536,20.5471,22.363,17.6971,15.0356,19.2659,22.8088,14.5898,18.0791,15.4814,14.0902,13.1985,19.1644,21.8573,22.7489,23.7582,14.5384,34.2604,23.2561,16.6062,13.7166,14.4826,39.0311,6.54816,24.2043,13.6444,20.3186,16.5145,6.49192,32183.7,12.0684,12.0676,0.257508,11.2665,0,10.3393,53.861
14.5795,16.6419,22.2835,0,16.7597,17.9002,64.8792,15.6941,19.1911,13.8051,9.28791,19.2535,13.5164,13.2096,15.6789,9.53094,15.8791,13.6432,31.4472,9.40391,16.0581,12.8831,15.2506,10.0897,15.4677,10.2107,22.5785,10.5389,17.2753,12.5365,15.8746,10.905,13.7483,11.5278,15.87,16.1748,21.9096,11.1409,16.0326,12.1681,16.0525,11.7755,16.306,11.9511,16.2259,12.3415,16.206,11.5556,13.3443,16.4266,12.181,13.6757,8.22295,13.2378,16.5215,11.3563,17.8709,16.3482,14.8923,11.3822,13.4468,16.4794,10.9598,15.1216,11.7777,10.9076,9.90594,13.8507,16.3793,16.6528,16.5367,11.1331,14.9164,16.6004,14.3402,8.01281,9.57386,14.1737,8.29366,16.6366,10.4257,13.2743,38.9413,0,12.0684,32183.7,4.64826,6.90171,215.482,6.24756,85.0706,4.90168
22.3156,19.1967,3.19834,8.01405,19.1657,17.9075,10.1707,20.8972,16.7835,22.9567,256.652,6.92632,23.125,23.279,20.9783,85.0716,20.5468,23.5348,12.7008,84.0714,20.3882,23.4189,21.4879,49.3413,21.2467,43.888,14.9068,37.1591,18.5969,23.5446,20.6455,32.7937,23.4443,27.415,20.701,19.856,5.15479,29.8079,20.2119,23.6565,20.3076,23.7548,19.4781,23.9077,20.0683,23.791,19.9726,24.0044,24.0018,19.0768,24.026,23.655,0,24.0942,19.3775,23.8397,4.08138,19.6168,21.607,24.2437,23.9082,19.2389,24.3271,21.4336,24.1469,23.9115,24.0158,23.3509,19.7334,18.9996,18.6507,24.0879,17.8921,18.8362,22.1174,33.4168,28.6697,17.5741,12.309,18.1975,23.9701,23.8449,10.021,67.8632,12.0676,4.64826,32183.7,6.57293,5.56613,5.7969,4.45478,8.5979
11.2023,12.0374,8.20966,0,11.318,11.1886,22.2189,9.28277,12.6111,12.161,4.7169,7.62623,12.5585,12.9563,10.4034,5.78507,8.83908,10.566,17.4278,5.6927,9.58324,13.3548,11.2138,7.33348,10.8162,7.67223,14.791,9.01529,10.8562,13.7527,9.43898,9.65299,10.3949,11.5763,10.0044,8.04433,8.35004,10.9777,8.4417,14.1501,9.01161,14.5474,7.64695,14.0128,9.17939,13.594,8.61424,14.4102,9.90287,7.24958,13.3914,12.2822,0,10.0722,8.38464,14.9448,6.98398,8.21686,12.7054,14.222,9.73191,7.81949,14.6193,12.3677,13.8246,15.3422,16.137,10.2239,8.78201,7.98726,6.8522,14.8076,6.49984,7.4208,13.4792,12.604,13.3448,5.45198,425.765,6.4545,15.7396,8.98646,10.355,2.56592,0.257508,6.90171,6.57293,32183.7,8.63388,196.074,7.50383,0
14.2437,16.0562,20.9534,0,16.1176,17.0796,53.9939,15.1001,18.2509,13.6343,9.22597,18.0218,13.4116,13.1747,15.1503,9.52826,15.2363,13.4006,28.4332,9.41509,15.4335,12.9227,14.8257,10.1282,14.9907,10.2606,21.1937,10.6305,16.5366,12.6554,15.2657,10.99,13.4812,11.6482,15.2936,15.4496,20.5087,11.2764,15.3478,12.372,15.3966,12.0709,15.5419,12.1782,15.5569,12.4785,15.5081,11.8749,13.1077,15.6249,12.3281,13.5428,7.85611,13.0258,15.7702,11.7508,16.887,15.6099,14.6072,11.7146,13.1862,15.7022,11.3923,14.7844,12.0178,11.4102,10.6595,13.5596,15.6684,15.8625,15.6987,11.5526,14.0734,15.7855,14.1915,8.79026,10.1301,13.3627,9.32199,15.7636,11.0471,12.9788,33.5505,0,11.2665,215.482,5.56613,8.63388,32183.7,7.99312,137.858,4.84632
10.0135,10.783,8.01254,0,10.1212,10.0022,21.3659,8.2599,11.3375,10.8844,4.17814,7.35152,11.2493,11.6144,9.32067,5.12394,7.85265,9.34058,16.0815,5.02246,8.56784,11.9802,10.0645,6.51611,9.69957,6.7986,13.4099,8.03273,9.71325,12.3454,8.41972,8.58345,9.18353,10.3243,8.95442,7.12318,8.09238,9.80604,7.48792,12.7102,8.02746,13.0749,6.75845,12.5661,8.19717,12.1816,7.66272,12.9308,8.67656,6.39371,11.9767,10.9496,0,8.83174,7.4677,13.4396,6.82493,7.29799,11.4639,12.739,8.51966,6.93325,13.1037,11.1543,12.3743,13.8044,14.5339,9.02655,7.83243,7.10295,6.02898,13.2955,5.72389,6.56732,12.0892,11.3026,11.9681,4.62495,127.541,5.66395,14.1691,7.82957,9.36001,0,0,6.24756,5.7969,196.074,7.99312,32183.7,6.92168,0
12.414,13.8757,20.3939,0,13.9937,14.7943,16.8218,13.3164,15.6276,11.7856,8.46945,17.3143,11.5519,11.3036,13.311,8.63082,13.4655,11.6422,22.1926,8.51737,13.617,11.0394,12.9647,9.04231,13.1402,9.11682,17.6394,9.3531,14.4053,10.7589,13.4655,9.61002,11.7273,10.0331,13.4652,13.7034,19.6854,9.76765,13.5891,10.461,13.6089,10.1437,13.8088,10.2823,13.7523,10.598,13.7325,9.96266,11.3932,13.9054,10.4651,11.7958,7.58466,11.307,13.9902,9.80508,16.771,13.8468,12.6811,9.81927,11.4761,13.9522,9.47812,12.8668,10.1389,9.443,8.63646,11.8101,13.8759,14.0956,13.9934,9.6215,12.4861,14.0491,12.3188,7.20623,8.4476,11.8736,8.27402,14.0731,9.05464,11.2759,26.8315,0,10.3393,85.0706,4.45478,7.50383,137.858,6.92168,32183.7,4.23181
10.758,10.1291,0,0,10.6541,10.6513,1.96715,12.3902,9.51004,9.9368,16.1872,0,9.60024,9.26344,11.4507,14.7427,12.7659,11.1371,5.83347,14.6487,12.1452,8.92604,10.7646,13.1609,11.1012,12.7698,7.89107,11.6191,10.9487,8.58916,12.2666,11.1758,11.2819,9.87926,11.7886,13.4387,0,10.1799,13.1023,8.25272,12.6284,7.91627,13.7752,8.34443,12.4871,8.69903,12.9648,8.00799,11.5497,14.1116,8.83793,9.93066,21.906,11.4057,13.16,7.57984,0,13.3013,9.47842,8.13475,11.6945,13.6377,7.7983,9.76378,8.47119,7.2434,6.57047,11.4267,12.8235,13.4964,14.448,7.67153,17.8608,13.9753,9.07492,7.62257,7.95096,19.8842,0,14.7848,6.90695,12.2807,8.2283,2.7967,53.861,4.90168,8.5979,0,4.84632,0,4.23181,32183.7
